"","EDCS-ID","province","place","start_yr","end_yr_1","inscr_type1","inscr_type2","inscr_type3","inscription","clean_text_interpretive_word","language","Latitude","Longitude","Material"
"1","EDCS-73900253","Pontus et Bithynia","?",1,200,"tituli sepulcrales",NA,NA,"Valgia P[3 si]/bi et Q(uinto) Luc[i]o Va/tia(e) viro suo m[e]/moriae causa","Valgia P sibi et Quinto Lucio Vatiae viro suo memoriae causa",NA,NA,NA,NA
"2","EDCS-74300417","Pontus et Bithynia","Ahmet Saray / Ahmetsaray / Amasya / Amaseia",151,200,"tituli sepulcrales",NA,NA,"D(is) M(anibus) / G(aius!) Iul(ius) Ne/o mil(es) leg(ionis) V Mac(edonicae) vix(it) / an(nos) XXX mil(itavit) an(nos) IX Te/rentius Ve/rus he(res) ei/us b(ene) m(erenti) p(osuit)","Dis Manibus Gaius Iulius Neo miles legionis V Macedonicae vixit annos XXX militavit annos IX Terentius Verus heres eius bene merenti posuit",NA,"40.990669","35.872612",NA
"3","EDCS-26900106","Pontus et Bithynia","Amasra / Sesamos / Amastris",NA,NA,"tituli sepulcrales",NA,NA,"]onaciannis Severus / [trib(unus) c]ohor(tis) XXXIII c(ivium) R(omanorum) / [trib(unus)] legionis IIII Gallicae / [praefect]us alae veteranae Gallo[rum] / [vi]v(us) sibi fecit //","onaciannis Severus tribunus cohortis XXXIII civium Romanorum tribunus legionis IIII Gallicae praefectus alae veteranae Gallorum vivus sibi fecit","GR","41.7489671","32.3866482",NA
"4","EDCS-11700091","Pontus et Bithynia","Amasra / Sesamos / Amastris",1,100,"tituli sepulcrales",NA,NA,"L(ucio) Sepronio militi et tu/bicini cohortis Camp(anae) L(uci) Alli/di Magna Titi Atti filia uxor / eius","Lucio Sepronio militi et tubicini cohortis Campanae Luci Allidi Magna Titi Atti filia uxor eius",NA,"41.7489671","32.3866482",NA
"5","EDCS-11700092","Pontus et Bithynia","Amasra / Sesamos / Amastris",101,200,"tituli sepulcrales",NA,NA,"L(ucius) Iunius Theo/philus monm/entum sibi et uxo/ri suae Iuniae Thau/maste fieri curavit","Lucius Iunius Theophilus monmentum sibi et uxori suae Iuniae Thaumaste fieri curavit",NA,"41.7489671","32.3866482",NA
"6","EDCS-05000747","Pontus et Bithynia","Amasya / Amasiyya / Amaseia",101,200,"tituli sepulcrales",NA,NA,"D(is) M(anibus) / L(ucius) Petronius Her/culanus strator / leg(ati) leg(ionis) V Mac(edonicae) milit(avit) an(nos) XXVIII / vixit an(nos) XLVIII et Ulp(iae!) / Secundinae(!) hosp(iti) eius / hered(es) eorum ben(e) / mer(entibus) fecerunt","Dis Manibus Lucius Petronius Herculanus strator legati legionis V Macedonicae militavit annos XXVIII vixit annos XLVIII et Ulpiae Secundinae hospiti eius heredes eorum bene merentibus fecerunt",NA,"40.6503248","35.8329148",NA
"7","EDCS-04900993","Pontus et Bithynia","Amasya / Amasiyya / Amaseia",101,200,"tituli sepulcrales",NA,NA,"D(is) M(anibus) / C(aio) Val(erio) Se/cundo b(ene)f(iciario) co(n)s(ularis) / leg(ionis) V Mac(edonicae) / stip(endiorum) XXV / Cl(audius) Claudi/anus h(eres) / e(ius) f(ecit)","Dis Manibus Caio Valerio Secundo beneficiario consularis legionis V Macedonicae stipendiorum XXV Claudius Claudianus heres eius fecit",NA,"40.6503248","35.8329148",NA
"8","EDCS-05000748","Pontus et Bithynia","Amasya / Amasiyya / Amaseia",101,200,"tituli sepulcrales",NA,NA,"[Hi]c situs / est Herac[lius] / vixit annis / XIIII P(ublius) Aelius / Firmus |(centurio) leg(ionis) V Mac(edonicae) alum/no posuit","Hic situs est Heraclius vixit annis XIIII Publius Aelius Firmus centurio legionis V Macedonicae alumno posuit",NA,"40.6503248","35.8329148",NA
"9","EDCS-29900092","Pontus et Bithynia","Amasya / Amasiyya / Amaseia",NA,NA,"tituli sepulcrales",NA,NA,"L(ucius) Sempronius L(uci) [fi(lius)] / Sca[p(tia)] Alti[ni] M[a]/cedo dec(urio) alae / Claudia[e] Nova[e]","Lucius Sempronius Luci filius Scaptia Altini Macedo decurio alae Claudiae Novae",NA,"40.6503248","35.8329148",NA
"10","EDCS-77500167","Pontus et Bithynia","Beyagac / Kyrklar-Tekke / Zela / Zila",NA,NA,"tituli sepulcrales",NA,NA,NA,NA,"GR","40.566010","37.841595","lapis"
"11","EDCS-22300494","Pontus et Bithynia","Beyagac / Kyrklar-Tekke / Zela / Zila",NA,NA,"tituli sepulcrales",NA,NA,"D(is) M(anibus) / Ael(i) Victoris / dec(urionis) al(ae) [M]o/esi[ca]e(?) [vixit] / ann(os) [3 mil(itavit)] / ann(os) XV / EN turm[a] / E[3]T / TRI E/[3]RV[3] / [3]RNI[3] / [3]DM[3] / [3]EN[3] / [3]SS[","Dis Manibus Aeli Victoris decurionis alae Moesicae vixit annos militavit annos XV EN turma E T TRI E RV RNI DM EN SS",NA,"40.566010","37.841595",NA
"12","EDCS-12500366","Pontus et Bithynia","Beyagac / Kyrklar-Tekke / Zela / Zila",NA,NA,"tituli sepulcrales",NA,NA,"D(is) M(anibus) / Egid(a)e lib(ertae) Ulp(ius) Cari(st)us / |(centurio) l(egionis) [X]XX bene merenti f(aciendum) c(uravit)","Dis Manibus Egidae libertae Ulpius Caristus centurio legionis XXX bene merenti faciendum curavit",NA,"40.566010","37.841595",NA
"13","EDCS-12500367","Pontus et Bithynia","Beyagac / Kyrklar-Tekke / Zela / Zila",NA,NA,"tituli sepulcrales",NA,NA,"XVIIIB(?)XIII / et Aelius Her/eius merenti / posuerunt","XVIIIBXIII et Aelius Hereius merenti posuerunt",NA,"40.566010","37.841595",NA
"14","EDCS-12500368","Pontus et Bithynia","Beyagac / Kyrklar-Tekke / Zela / Zila",NA,NA,"tituli sepulcrales",NA,NA,"]/anian[us] / Fortuna[ti] / [fi]lius(?) / h(eres) f(aciendum) c(uravit)","anianus Fortunati filius heres faciendum curavit",NA,"40.566010","37.841595",NA
"15","EDCS-05300104","Pontus et Bithynia","Bolu / Claudiopolis",NA,NA,"tituli sepulcrales",NA,NA,"D(is) M(anibus) tunc stas vi/[ator] et repausas relee / [3]e Sereno qui / [3]TARM / [","Dis Manibus tunc stas viator et repausas relee e Sereno qui TARM",NA,"40.7332953","31.6110479",NA
"16","EDCS-05300105","Pontus et Bithynia","Bolu / Claudiopolis",284,324,"tituli sepulcrales",NA,NA,"D(is) M(anibus) / Val(erius) Fuscianus du[ce]narius es / regione Scadiesian[3] vico / qui vixit annis L stipendi[oru]m XXV / militavit in vexillatione eqq(uitum) cat(afractariorum) / clib(aniariorum) s(ub) c(ura) Valentis p(rae)p(ositi) qui / vivo se / iussit sibi titulum poni instante / collegio patre Severiano duc(e) / qui tunc vixit vit(a) su(a)e non defrauda/vit vale viator","Dis Manibus Valerius Fuscianus ducenarius es regione Scadiesian vico qui vixit annis L stipendiorum XXV militavit in vexillatione eqquitum catafractariorum clibaniariorum sub cura Valentis praepositi qui vivo se iussit sibi titulum poni instante collegio patre Severiano duce qui tunc vixit vita suae non defraudavit vale viator",NA,"40.7332953","31.6110479","lapis"
"17","EDCS-05300108","Pontus et Bithynia","Bolu / Claudiopolis",NA,NA,"tituli sepulcrales",NA,NA,"Epitynchano / adiutor(i) tabul(arii) prov(inciae) / Bithyniae heredes {A} / annis LXV","Epitynchano adiutori tabularii provinciae Bithyniae heredes annis LXV",NA,"40.7332953","31.6110479",NA
"18","EDCS-26600082","Pontus et Bithynia","Bursa / Prusa ad Olympum",101,200,"tituli sepulcrales",NA,NA,"M(arcus) Lucretius Proclus vet(e)ranus / legionis Adiutri(cis) Pusaeus / vix(it) annos LII","Marcus Lucretius Proclus veteranus legionis Adiutricis Pusaeus vixit annos LII",NA,"40.182737","29.0678352",NA
"19","EDCS-27800540","Pontus et Bithynia","Bursa / Prusa ad Olympum",161,209,"tituli sepulcrales",NA,NA,"D(is) [M(anibus)] / Sex(to) Pacuv[io] / Restituto [proc(uratori)] / Augg(ustorum) ad f[amil(ias)] / gladiat[or(ias) per] / Asiam e[t adhae]/rentes p[rovin]/cias pro[c(uratori) Augg(ustorum)] / ad XX tr[ans Pa]/dum / Seleuc[us","Dis Manibus Sexto Pacuvio Restituto procuratori Auggustorum ad familias gladiatorias per Asiam et adhaerentes provincias procuratori Auggustorum ad XX trans Padum Seleucus",NA,"40.182737","29.0678352",NA
"20","EDCS-27800541","Pontus et Bithynia","Bursa / Prusa ad Olympum",NA,NA,"tituli sepulcrales",NA,NA,"]si dupl[icario] / DERIESI[3]/pulis Brita[nnia s]/u(p)e [et infe]/riore AVI[3 mi]/li(t)avit an[nos 3 fra]/tri ama[ntissimo","si duplicario DERIESI pulis Britannia supe et inferiore AVI militavit annos fratri amantissimo",NA,"40.182737","29.0678352",NA
"21","EDCS-05300111","Pontus et Bithynia","Bursa / Prusa ad Olympum",NA,NA,"tituli sepulcrales",NA,NA,"D(is) M(anibus) / Nobilinio / Scriptioni / mil(iti) leg(ionis) XXX / U(lpiae) V(ictricis) P(iae) F(idelis) Ant(oninianae) / vixit an(nos) XXXX / milit(avit) an(nos) XVII / Apuleius Ae/qualis et Rufi/nius Saturnin/us civi suo cui / [","Dis Manibus Nobilinio Scriptioni militi legionis XXX Ulpiae Victricis Piae Fidelis Antoninianae vixit annos XXXX militavit annos XVII Apuleius Aequalis et Rufinius Saturninus civi suo cui",NA,"40.182737","29.0678352",NA
"22","EDCS-05300112","Pontus et Bithynia","Bursa / Prusa ad Olympum",NA,NA,"tituli sepulcrales",NA,NA,"D(is) M(anibus) / Mellonio Va[r]ro/[ni] hast(ato) leg(ionis) XIIII / Gem(inae) L(ucia) Censorin[a] / marito pintissi/mo posuit","Dis Manibus Mellonio Varroni hastato legionis XIIII Geminae Lucia Censorina marito pintissimo posuit",NA,"40.182737","29.0678352",NA
"23","EDCS-04900992","Pontus et Bithynia","Calbogaz / Sinope",NA,NA,"tituli sepulcrales",NA,NA,"T(itus) Puficius Rufus / ann(o)s LXXV //","Titus Puficius Rufus annos LXXV","GR","41.740900","35.241900",NA
"24","EDCS-05200627","Pontus et Bithynia","Comana Pontica",NA,NA,"tituli sepulcrales",NA,NA,"M(arcus) Caesius / M(arci) f(ilius) Pol(lia) Verus / Pollentia |(centurio) / leg(ionis) V Mac(edonicae) mili/tavit in coh(orte) IX / praetoria ann(is) / XVI ordinatus tubi/ce item optio ad ca(r)/crem factus est mili/tavit evocatus annis / VII centurio factus / est in leg(ione) V Mac(edonica) fuit or/dine in sexta hastatus / posterior stipendia ac/cepit caligata XVI evo/cativa VII centurioni/ca IIII militavit annis XXVII vixit annis XXXXI / M(arcus) Caesius Atimetus et / M(arcus) Caesius Limen liberti et / heredes eius ex testamento f(aciendum) c(uraverunt)","Marcus Caesius Marci filius Pollia Verus Pollentia centurio legionis V Macedonicae militavit in cohorte IX praetoria annis XVI ordinatus tubice item optio ad carcrem factus est militavit evocatus annis VII centurio factus est in legione V Macedonica fuit ordine in sexta hastatus posterior stipendia accepit caligata XVI evocativa VII centurionica IIII militavit annis XXVII vixit annis XXXXI Marcus Caesius Atimetus et Marcus Caesius Limen liberti et heredes eius ex testamento faciendum curaverunt",NA,"40.3575121","36.6386817",NA
"25","EDCS-66200024","Pontus et Bithynia","Eregli / Karadeniz Eregli / Heraclea Pontica",101,300,"tituli sepulcrales",NA,NA,NA,NA,"GR","41.2794917","31.421792",NA
"26","EDCS-66200025","Pontus et Bithynia","Eregli / Karadeniz Eregli / Heraclea Pontica",101,300,"tituli sepulcrales",NA,NA,NA,NA,"GR","41.2794917","31.421792",NA
"27","EDCS-66200026","Pontus et Bithynia","Eregli / Karadeniz Eregli / Heraclea Pontica",101,300,"tituli sepulcrales",NA,NA,NA,NA,"GR","41.2794917","31.421792",NA
"28","EDCS-66200027","Pontus et Bithynia","Eregli / Karadeniz Eregli / Heraclea Pontica",NA,NA,"tituli sepulcrales",NA,NA,NA,NA,"GR","41.2794917","31.421792",NA
"29","EDCS-66200028","Pontus et Bithynia","Eregli / Karadeniz Eregli / Heraclea Pontica",NA,NA,"tituli sepulcrales",NA,NA,NA,NA,"GR","41.2794917","31.421792",NA
"30","EDCS-66200029","Pontus et Bithynia","Eregli / Karadeniz Eregli / Heraclea Pontica",NA,NA,"tituli sepulcrales",NA,NA,NA,NA,"GR","41.2794917","31.421792",NA
"31","EDCS-66200030","Pontus et Bithynia","Eregli / Karadeniz Eregli / Heraclea Pontica",NA,NA,"tituli sepulcrales",NA,NA,NA,NA,"GR","41.2794917","31.421792",NA
"32","EDCS-66200031","Pontus et Bithynia","Eregli / Karadeniz Eregli / Heraclea Pontica",NA,NA,"tituli sepulcrales",NA,NA,NA,NA,"GR","41.2794917","31.421792",NA
"33","EDCS-66200032","Pontus et Bithynia","Eregli / Karadeniz Eregli / Heraclea Pontica",131,170,"tituli sepulcrales",NA,NA,NA,NA,"GR","41.2794917","31.421792",NA
"34","EDCS-66200033","Pontus et Bithynia","Eregli / Karadeniz Eregli / Heraclea Pontica",NA,NA,"tituli sepulcrales",NA,NA,NA,NA,"GR","41.2794917","31.421792",NA
"35","EDCS-66200034","Pontus et Bithynia","Eregli / Karadeniz Eregli / Heraclea Pontica",NA,NA,"tituli sepulcrales",NA,NA,NA,NA,"GR","41.2794917","31.421792",NA
"36","EDCS-66200035","Pontus et Bithynia","Eregli / Karadeniz Eregli / Heraclea Pontica",NA,NA,"tituli sepulcrales",NA,NA,NA,NA,"GR","41.2794917","31.421792",NA
"37","EDCS-66200036","Pontus et Bithynia","Eregli / Karadeniz Eregli / Heraclea Pontica",NA,NA,"tituli sepulcrales",NA,NA,NA,NA,"GR","41.2794917","31.421792",NA
"38","EDCS-66200037","Pontus et Bithynia","Eregli / Karadeniz Eregli / Heraclea Pontica",101,200,"tituli sepulcrales",NA,NA,NA,NA,"GR","41.2794917","31.421792",NA
"39","EDCS-66200038","Pontus et Bithynia","Eregli / Karadeniz Eregli / Heraclea Pontica",NA,NA,"tituli sepulcrales",NA,NA,NA,NA,"GR","41.2794917","31.421792",NA
"40","EDCS-66200039","Pontus et Bithynia","Eregli / Karadeniz Eregli / Heraclea Pontica",NA,NA,"tituli sepulcrales",NA,NA,NA,NA,"GR","41.2794917","31.421792",NA
"41","EDCS-66200040","Pontus et Bithynia","Eregli / Karadeniz Eregli / Heraclea Pontica",NA,NA,"tituli sepulcrales",NA,NA,NA,NA,"GR","41.2794917","31.421792",NA
"42","EDCS-66200041","Pontus et Bithynia","Eregli / Karadeniz Eregli / Heraclea Pontica",NA,NA,"tituli sepulcrales",NA,NA,NA,NA,"GR","41.2794917","31.421792",NA
"43","EDCS-66200042","Pontus et Bithynia","Eregli / Karadeniz Eregli / Heraclea Pontica",101,200,"tituli sepulcrales",NA,NA,NA,NA,"GR","41.2794917","31.421792",NA
"44","EDCS-66200043","Pontus et Bithynia","Eregli / Karadeniz Eregli / Heraclea Pontica",NA,NA,"tituli sepulcrales",NA,NA,NA,NA,"GR","41.2794917","31.421792",NA
"45","EDCS-66200044","Pontus et Bithynia","Eregli / Karadeniz Eregli / Heraclea Pontica",NA,NA,"tituli sepulcrales",NA,NA,NA,NA,"GR","41.2794917","31.421792",NA
"46","EDCS-66200045","Pontus et Bithynia","Eregli / Karadeniz Eregli / Heraclea Pontica",101,200,"tituli sepulcrales",NA,NA,NA,NA,"GR","41.2794917","31.421792",NA
"47","EDCS-66200046","Pontus et Bithynia","Eregli / Karadeniz Eregli / Heraclea Pontica",NA,NA,"tituli sepulcrales",NA,NA,NA,NA,"GR","41.2794917","31.421792",NA
"48","EDCS-66200047","Pontus et Bithynia","Eregli / Karadeniz Eregli / Heraclea Pontica",NA,NA,"tituli sepulcrales",NA,NA,NA,NA,"GR","41.2794917","31.421792",NA
"49","EDCS-66200048","Pontus et Bithynia","Eregli / Karadeniz Eregli / Heraclea Pontica",1,100,"tituli sepulcrales",NA,NA,NA,NA,"GR","41.2794917","31.421792",NA
"50","EDCS-66200049","Pontus et Bithynia","Eregli / Karadeniz Eregli / Heraclea Pontica",NA,NA,"tituli sepulcrales",NA,NA,NA,NA,"GR","41.2794917","31.421792",NA
"51","EDCS-66200053","Pontus et Bithynia","Eregli / Karadeniz Eregli / Heraclea Pontica",NA,NA,"tituli sepulcrales",NA,NA,NA,NA,"GR","41.2794917","31.421792",NA
"52","EDCS-66200054","Pontus et Bithynia","Eregli / Karadeniz Eregli / Heraclea Pontica",NA,NA,"tituli sepulcrales",NA,NA,NA,NA,"GR","41.2794917","31.421792",NA
"53","EDCS-66200055","Pontus et Bithynia","Eregli / Karadeniz Eregli / Heraclea Pontica",NA,NA,"tituli sepulcrales",NA,NA,NA,NA,"GR","41.2794917","31.421792",NA
"54","EDCS-66200056","Pontus et Bithynia","Eregli / Karadeniz Eregli / Heraclea Pontica",NA,NA,"tituli sepulcrales",NA,NA,NA,NA,"GR","41.2794917","31.421792",NA
"55","EDCS-66200059","Pontus et Bithynia","Eregli / Karadeniz Eregli / Heraclea Pontica",NA,NA,"tituli sepulcrales",NA,NA,NA,NA,"GR","41.2794917","31.421792",NA
"56","EDCS-66200066","Pontus et Bithynia","Eregli / Karadeniz Eregli / Heraclea Pontica",NA,NA,"tituli sepulcrales",NA,NA,NA,NA,"GR","41.2794917","31.421792",NA
"57","EDCS-66200067","Pontus et Bithynia","Eregli / Karadeniz Eregli / Heraclea Pontica",NA,NA,"tituli sepulcrales",NA,NA,NA,NA,"GR","41.2794917","31.421792",NA
"58","EDCS-66200076","Pontus et Bithynia","Eregli / Karadeniz Eregli / Heraclea Pontica",NA,NA,"tituli sepulcrales",NA,NA,NA,NA,"GR","41.2794917","31.421792",NA
"59","EDCS-66200077","Pontus et Bithynia","Eregli / Karadeniz Eregli / Heraclea Pontica",101,200,"tituli sepulcrales",NA,NA,NA,NA,"GR","41.2794917","31.421792",NA
"60","EDCS-66200078","Pontus et Bithynia","Eregli / Karadeniz Eregli / Heraclea Pontica",NA,NA,"tituli sepulcrales",NA,NA,NA,NA,"GR","41.2794917","31.421792",NA
"61","EDCS-66200079","Pontus et Bithynia","Eregli / Karadeniz Eregli / Heraclea Pontica",NA,NA,"tituli sepulcrales",NA,NA,NA,NA,"GR","41.2794917","31.421792",NA
"62","EDCS-66200080","Pontus et Bithynia","Eregli / Karadeniz Eregli / Heraclea Pontica",NA,NA,"tituli sepulcrales",NA,NA,NA,NA,"GR","41.2794917","31.421792",NA
"63","EDCS-66200081","Pontus et Bithynia","Eregli / Karadeniz Eregli / Heraclea Pontica",NA,NA,"tituli sepulcrales",NA,NA,NA,NA,"GR","41.2794917","31.421792",NA
"64","EDCS-66200084","Pontus et Bithynia","Eregli / Karadeniz Eregli / Heraclea Pontica",101,200,"tituli sepulcrales",NA,NA,NA,NA,"GR","41.2794917","31.421792",NA
"65","EDCS-66200087","Pontus et Bithynia","Eregli / Karadeniz Eregli / Heraclea Pontica",NA,NA,"tituli sepulcrales",NA,NA,NA,NA,"GR","41.2794917","31.421792",NA
"66","EDCS-66200088","Pontus et Bithynia","Eregli / Karadeniz Eregli / Heraclea Pontica",NA,NA,"tituli sepulcrales",NA,NA,NA,NA,"GR","41.2794917","31.421792",NA
"67","EDCS-66200089","Pontus et Bithynia","Eregli / Karadeniz Eregli / Heraclea Pontica",NA,NA,"tituli sepulcrales",NA,NA,NA,NA,"GR","41.2794917","31.421792",NA
"68","EDCS-66200090","Pontus et Bithynia","Eregli / Karadeniz Eregli / Heraclea Pontica",NA,NA,"tituli sepulcrales",NA,NA,NA,NA,"GR","41.2794917","31.421792",NA
"69","EDCS-66200095","Pontus et Bithynia","Eregli / Karadeniz Eregli / Heraclea Pontica",131,170,"tituli sepulcrales",NA,NA,NA,NA,"GR","41.2794917","31.421792",NA
"70","EDCS-66200096","Pontus et Bithynia","Eregli / Karadeniz Eregli / Heraclea Pontica",131,170,"tituli sepulcrales",NA,NA,NA,NA,"GR","41.2794917","31.421792",NA
"71","EDCS-66200097","Pontus et Bithynia","Eregli / Karadeniz Eregli / Heraclea Pontica",131,170,"tituli sepulcrales",NA,NA,NA,NA,"GR","41.2794917","31.421792","lapis"
"72","EDCS-77500066","Pontus et Bithynia","Gebze / Libyssa / Libyssos / Nicomedia",NA,NA,"tituli sepulcrales",NA,NA,NA,NA,"GR","40.8006696","29.431767","lapis"
"73","EDCS-73900254","Pontus et Bithynia","Gemlik / Kios",1,100,"tituli sepulcrales",NA,NA,"Titus Anicius T(iti) l(ibertus) Eros / sal(ve) //","Titus Anicius Titi libertus Eros salve","GR","40.4302628","29.1571484",NA
"74","EDCS-26600081","Pontus et Bithynia","Gemlik / Kios",NA,NA,"tituli sepulcrales",NA,NA,"Dis Manibus / Flaviae Sophene / [Ge]nealis Caesaris Aug(usti) / [se]rvs verna dispens(ator) / [ad] frumentum carae / coniugi et amanti / bene merenti fecit / [vix(it)] an(nos) XXXII m(enses) VII","Dis Manibus Flaviae Sophene Genealis Caesaris Augusti servs verna dispensator ad frumentum carae coniugi et amanti bene merenti fecit vixit annos XXXII menses VII",NA,"40.4302628","29.1571484",NA
"75","EDCS-74100302","Pontus et Bithynia","Giresun / Cerasus",71,150,"tituli sepulcrales",NA,NA,"T(itus) Vabeisius L(uci) f(ilius) Pol(lia) / L(ucio) Vabeisio T(iti) f(ilio) Pol(lia) Lauto fi[lio] suo dulcissm[o] //","Titus Vabeisius Luci filius Pollia Lucio Vabeisio Titi filio Pollia Lauto filio suo dulcissmo","GR","40.9148702","38.3879289","lapis"
"76","EDCS-12600010","Pontus et Bithynia","Izmit / Nicomedia",NA,NA,"tituli sepulcrales",NA,NA,"]/a mater filio ca(r)issimo / fecerunt qui vixit me(n)sibus X / diebus XI Ampeli dulcis","a mater filio carissimo fecerunt qui vixit mensibus X diebus XI Ampeli dulcis",NA,"40.765382","29.9406983",NA
"77","EDCS-03700728","Pontus et Bithynia","Iznik / Nicaea",NA,NA,"tituli sepulcrales",NA,NA,"P(ublio) Pagnio P(ubli) f(ilio) Aphrodisio / fratri Threptus memoriae / causa faciendum curavit","Publio Pagnio Publi filio Aphrodisio fratri Threptus memoriae causa faciendum curavit",NA,"40.4303445","29.7223732",NA
"78","EDCS-03700729","Pontus et Bithynia","Iznik / Nicaea",101,200,"tituli sepulcrales",NA,NA,"Caesoniae Secundae / coniugi carissimae Th/reptus memoriae caus{s}a / faciend(um) curavit","Caesoniae Secundae coniugi carissimae Threptus memoriae causa faciendum curavit",NA,"40.4303445","29.7223732",NA
"79","EDCS-27000445","Pontus et Bithynia","Iznik / Nicaea",NA,NA,"tituli sepulcrales",NA,NA,"C(aius) Pinnius C(ai) f(ilius) / Fal(erna) Agrippa / vixit annis / XXII","Caius Pinnius Cai filius Falerna Agrippa vixit annis XXII",NA,"40.4303445","29.7223732",NA
"80","EDCS-27800536","Pontus et Bithynia","Iznik / Nicaea",NA,NA,"tituli sepulcrales",NA,NA,"P(ublio) Clodio Antho f(ilio) / et liberis eius","Publio Clodio Antho filio et liberis eius",NA,"40.4303445","29.7223732",NA
"81","EDCS-27800537","Pontus et Bithynia","Iznik / Nicaea",NA,NA,"tituli sepulcrales",NA,NA,"Clodiae Calliste / cum Prima matre","Clodiae Calliste cum Prima matre",NA,"40.4303445","29.7223732",NA
"82","EDCS-30100788","Pontus et Bithynia","Iznik / Nicaea",NA,NA,"tituli sepulcrales",NA,NA,"C(aio) Granio C(ai) f(ilio) / Aem(ilia) / Aphrodisius de suo","Caio Granio Cai filio Aemilia Aphrodisius de suo",NA,"40.4303445","29.7223732",NA
"83","EDCS-30100789","Pontus et Bithynia","Iznik / Nicaea",NA,NA,"tituli sepulcrales",NA,NA,"P(ublio) Servilio [Q]uirinali f(ilio) / cum uxore et natis eius //","Publio Servilio Quirinali filio cum uxore et natis eius","GR","40.4303445","29.7223732",NA
"84","EDCS-56400022","Pontus et Bithynia","Iznik / Nicaea",NA,NA,"tituli sepulcrales",NA,NA,"] / mil(es?) leg(ionis) II P[arth(icae) 3 P(iae)] / F(elicis) F(idelis) A(eternae) qui v[ix(it) ann(os) 3] / [3]I AV[","miles legionis II Parthicae Piae Felicis Fidelis Aeternae qui vixit annos I AV",NA,"40.4303445","29.7223732",NA
"85","EDCS-56400023","Pontus et Bithynia","Iznik / Nicaea",NA,NA,"tituli sepulcrales",NA,NA,"]omus[3] / [3]P F O[3] / [3] vixit an[n(os) 3] / [3]XX[","omus P F O vixit annos XX",NA,"40.4303445","29.7223732",NA
"86","EDCS-05300009","Pontus et Bithynia","Iznik / Nicaea",NA,NA,"tituli sepulcrales",NA,NA,"]XII cum qu(a)e [3] / [3]rim virum C[3] / [3]esque [3] / [3]SCV[","XII cum quae rim virum C es que SCV",NA,"40.4303445","29.7223732",NA
"87","EDCS-05300011","Pontus et Bithynia","Iznik / Nicaea",NA,NA,"inscriptiones christianae","tituli sepulcrales",NA,"// Aptial Clymene","Aptial Clymene","GR","40.4303445","29.7223732",NA
"88","EDCS-05300012","Pontus et Bithynia","Iznik / Nicaea",301,600,"inscriptiones christianae","tituli sepulcrales",NA,"In die dom[inica 3 depositus servus dei] / nomine Galte[rius de 3 qui et Petrus] / quisq(uis) legis hoc t[ 3 ora pro eo 3] //","In die dominica depositus servus dei nomine Galterius de qui et Petrus quisquis legis hoc t ora pro eo","GR","40.4303445","29.7223732",NA
"89","EDCS-05300039","Pontus et Bithynia","Iznik / Nicaea",NA,NA,"tituli sepulcrales",NA,NA,"]I[3] / [3]PHI[3] / [3 I]ulius [3] / [3]CHI[","I PHI Iulius CHI",NA,"40.4303445","29.7223732",NA
"90","EDCS-26600080","Pontus et Bithynia","Kadikoy / Chalcedon",101,300,"tituli sepulcrales",NA,NA,"D(is) M(anibus) / C(aio) Iulio / Valenti / cent(urioni) class(is) / pr(aetoriae) Ravenn(atium) / vixit ann(os) / XL mil(itavit) ann(os) XXII / C(aius) Iulius Flavian(us) / amico m(erenti) p(osuit)","Dis Manibus Caio Iulio Valenti centurioni classis praetoriae Ravennatium vixit annos XL militavit annos XXII Caius Iulius Flavianus amico merenti posuit",NA,"40.9915716","29.0270173",NA
"91","EDCS-05300088","Pontus et Bithynia","Kadikoy / Chalcedon",51,70,"tituli sepulcrales",NA,NA,"D(is) M(anibus) / Severius Acceptus / miles leg(ionis) VIII Aug(ustae) / stip(endiorum) VI vixit ann(os) / XXVI / Dubitatius Attianus / h(eres) f(aciendum) c(uravit) / n(ummum) CCCC","Dis Manibus Severius Acceptus miles legionis VIII Augustae stipendiorum VI vixit annos XXVI Dubitatius Attianus heres faciendum curavit nummum CCCC",NA,"40.9915716","29.0270173","lapis"
"92","EDCS-05300089","Pontus et Bithynia","Kadikoy / Chalcedon",151,212,"tituli sepulcrales",NA,NA,"D(is) M(anibus) / Aurelio Satur/nino mil(iti) coh(ortis) / II Lucensium / [3]i Menefron / [3]OF suo (ivus?) p(osuit?)","Dis Manibus Aurelio Saturnino militi cohortis II Lucensium i Menefron OF suo ivus posuit",NA,"40.9915716","29.0270173",NA
"93","EDCS-77500113","Pontus et Bithynia","Kara Halliler",NA,NA,"tituli sepulcrales",NA,NA,NA,NA,"GR",NA,NA,"lapis"
"94","EDCS-26600100","Pontus et Bithynia","Kocaeli / Nicomedia",270,275,"tituli sepulcrales",NA,NA,"Di Manes / Claudi Herculani / protectoris / Aureliani Augus/ti vixit annos / quadraginta / posuit memo/riam Claudius / Dion[y]sius / protector Aug/usti frater / ipsius","Di Manes Claudi Herculani protectoris Aureliani Augusti vixit annos quadraginta posuit memoriam Claudius Dionysius protector Augusti frater ipsius",NA,"40.765382","29.9406983",NA
"95","EDCS-26900108","Pontus et Bithynia","Kocaeli / Nicomedia",NA,NA,"tituli sepulcrales",NA,NA,"Dis Manibus Vitali vernae suo / qui vixit annos XXVII Q(uintus) Nasidius / Severus lictor decur(iarum) servo / fidelissimo et sui amantissimo / t(itulum) m(emoriae) p(osuit)","Dis Manibus Vitali vernae suo qui vixit annos XXVII Quintus Nasidius Severus lictor decuriarum servo fidelissimo et sui amantissimo titulum memoriae posuit",NA,"40.765382","29.9406983",NA
"96","EDCS-26600101","Pontus et Bithynia","Kocaeli / Nicomedia",NA,NA,"tituli sepulcrales",NA,NA,"[C]laudi Asiatici ser(vus) vivs monumen[tum] / sibi et suis omnibus","Claudi Asiatici servus vivs monumentum sibi et suis omnibus",NA,"40.765382","29.9406983",NA
"97","EDCS-26600102","Pontus et Bithynia","Kocaeli / Nicomedia",NA,NA,"tituli sepulcrales",NA,NA,"Socrates viv(u)s sibi et Aeliae Mar/itae monumentum fecit","Socrates vivus sibi et Aeliae Maritae monumentum fecit",NA,"40.765382","29.9406983",NA
"98","EDCS-26600103","Pontus et Bithynia","Kocaeli / Nicomedia",NA,NA,"inscriptiones christianae","tituli sepulcrales",NA,"Hoc in loco Eupalius tegitur / oriundus ex Armenia is vixit / annos p(lus) m(inus) XXV cuius de patria / eros civilem pietatem custodi/ens titulum statuit","Hoc in loco Eupalius tegitur oriundus ex Armenia is vixit annos plus minus XXV cuius de patria eros civilem pietatem custodiens titulum statuit",NA,"40.765382","29.9406983",NA
"99","EDCS-32400034","Pontus et Bithynia","Kocaeli / Nicomedia",NA,NA,"inscriptiones christianae","tituli operum","tituli sepulcrales","// Fla(vius) Maximinus scu/tarius snator levavi sta/tu(am) filio meo Octemo vi{c}xit an/nos V dies XV precisus a medico / (h)ic pos(i)tus est ad martres","Flavius Maximinus scutarius snator levavi statuam filio meo Octemo vixit annos V dies XV precisus a medico hic positus est ad martres","GR","40.765382","29.9406983",NA
"100","EDCS-10701567","Pontus et Bithynia","Kocaeli / Nicomedia",NA,NA,"carmina","tituli sepulcrales",NA,"D(is) M(anibus) / Valerius Ursicinus protector / de provincia Dacia vico Dissena/nis fecit stipendia XXIII / quadiu vita fuit data vixi / bene cognitus semper / annis optinui quinquaginta meo fato / latitias (h)abui epulas vitaque beatas / iam quies incessit anima est suo cred/ita cursum sedibus infernis teneo / no(n) sit dolor ulli // Valerius Mani/ca prot(tector) fratri suo dulcissi[m]/o bene merenti titul(m) / posu[it] / valete viatores","Dis Manibus Valerius Ursicinus protector de provincia Dacia vico Dissenanis fecit stipendia XXIII quadiu vita fuit data vixi bene cognitus semper annis optinui quinquaginta meo fato latitias habui epulas vita que beatas iam quies incessit anima est suo credita cursum sedibus infernis teneo non sit dolor ulli Valerius Manica prottector fratri suo dulcissimo bene merenti titulm posuit valete viatores",NA,"40.765382","29.9406983",NA
"101","EDCS-12600009","Pontus et Bithynia","Kocaeli / Nicomedia",NA,NA,"tituli sepulcrales",NA,NA,"D(is) M(anibus) / Servandin[io] / Avito mil[iti] / leg(ionis) XXX U(lpiae) V(ictricis) st[ip(endiorum)] / XX vixit an[n(os)] / XX[3] / Se[","Dis Manibus Servandinio Avito militi legionis XXX Ulpiae Victricis stipendiorum XX vixit annos XX Se",NA,"40.765382","29.9406983",NA
"102","EDCS-01900003","Pontus et Bithynia","Konuralp / Prusias ad Hypium",301,400,"carmina","tituli operum","tituli sepulcrales","D(is) M(anibus) adgredere viator / obiter sta(n)s et repausa(n)s perlege tituum / cuius fata et manes vitam peregerunt in / civitate{m} Prusiad Val(erius) Titianus b(ar)b(aricatus?) decanus / num(eri) scut(ariorum) natione Dalmata vixit annos XXXXV / militavit annos XXII fecit memoria(m) Ursus s(upra) s(cripto) / ex numero ipso pro fraternitate","Dis Manibus adgredere viator obiter stans et repausans perlege tituum cuius fata et manes vitam peregerunt in civitate Prusiad Valerius Titianus barbaricatus decanus numeri scutariorum natione Dalmata vixit annos XXXXV militavit annos XXII fecit memoriam Ursus supra scripto ex numero ipso pro fraternitate",NA,"40.905337","31.136005","lapis"
"103","EDCS-16300028","Pontus et Bithynia","Kureller / Amaseia",NA,NA,"tituli sepulcrales",NA,NA,"D(is) [M(anibus)] / L(ucius) Iuli[us 3 f(ilius)] Maxim[us] / sig(nifer) vet(eranus) leg(ionis) V Ma[c(edonicae)] / vix(it) an(nos) LXIII pos(uit) / patria sua //","Dis Manibus Lucius Iulius filius Maximus signifer veteranus legionis V Macedonicae vixit annos LXIII posuit patria sua","GR",NA,NA,NA
"104","EDCS-32001295","Pontus et Bithynia","Kurtkoy / Kurdkoi",1,300,"tituli sepulcrales",NA,NA,"] / Calpurnia Chreste / uxor vixit ann(os) / LXVI","Calpurnia Chreste uxor vixit annos LXVI",NA,"40.016552","30.048557","lapis"
"105","EDCS-26600089","Pontus et Bithynia","Mudanya / Myrleia / Philadar / Apameia",NA,NA,"tituli sacri","tituli sepulcrales",NA,"an]n(orum) XXV divi Aug(usti) sac(erdos) gym[nasium dedicavit(?)","annorum XXV divi Augusti sacerdos gymnasium dedicavit",NA,"40.3752582","28.8837929",NA
"106","EDCS-26600090","Pontus et Bithynia","Mudanya / Myrleia / Philadar / Apameia",NA,NA,"tituli sepulcrales",NA,NA,"Tertiae ann(orum) XXV / Tertius Cn(aei) Catili / Attici servs vil/{l}icus sorori suae / m(emoriae) c(ausa)","Tertiae annorum XXV Tertius Cnaei Catili Attici servs vilicus sorori suae memoriae causa",NA,"40.3752582","28.8837929",NA
"107","EDCS-26600091","Pontus et Bithynia","Mudanya / Myrleia / Philadar / Apameia",NA,NA,"tituli sepulcrales",NA,NA,"Euporus et Zosari(o)n / Trofimo f(ilio) suo ann(orum) XX / m(emoriae) c(ausa)","Euporus et Zosarion Trofimo filio suo annorum XX memoriae causa",NA,"40.3752582","28.8837929",NA
"108","EDCS-26600092","Pontus et Bithynia","Mudanya / Myrleia / Philadar / Apameia",NA,NA,"tituli sepulcrales",NA,NA,"] t(erra) l(evis) / Tuscu[3] / P(ubli) Lolli M(arci) f(ilii) Secundi / patris","terra levis Tuscu Publi Lolli Marci filii Secundi patris",NA,"40.3752582","28.8837929",NA
"109","EDCS-26600093","Pontus et Bithynia","Mudanya / Myrleia / Philadar / Apameia",NA,NA,"tituli sepulcrales",NA,NA,"L(ucius) Mindius Pol/lio L(ucio) Mindio / Pollioni f(ilio) suo / vi(ebat) an(nos) III","Lucius Mindius Pollio Lucio Mindio Pollioni filio suo viebat annos III",NA,"40.3752582","28.8837929",NA
"110","EDCS-26600094","Pontus et Bithynia","Mudanya / Myrleia / Philadar / Apameia",NA,NA,"tituli sepulcrales",NA,NA,"Mollicia M(arci) l(iberta) Olympias / uxor M(arci) Mollicii Macestis / salve","Mollicia Marci liberta Olympias uxor Marci Mollicii Macestis salve",NA,"40.3752582","28.8837929",NA
"111","EDCS-26600095","Pontus et Bithynia","Mudanya / Myrleia / Philadar / Apameia",NA,NA,"tituli sepulcrales",NA,NA,"M(arco) Mollicio / M(arci) l(iberto) Lucipher[o] / annor(um) VIIII / Oriu(s) cum fra/tribus suis m(emoriae) c(ausa)","Marco Mollicio Marci liberto Luciphero annorum VIIII Orius cum fratribus suis memoriae causa",NA,"40.3752582","28.8837929",NA
"112","EDCS-30000347","Pontus et Bithynia","Mudanya / Myrleia / Philadar / Apameia",NA,NA,"tituli sepulcrales",NA,NA,"A(ulus) Servilius Maximus / iuris prudens //","Aulus Servilius Maximus iuris prudens","GR","40.3752582","28.8837929",NA
"113","EDCS-74300418","Pontus et Bithynia","Ortaklar / Neoclaudiopolis",101,300,"tituli sepulcrales",NA,NA,NA,NA,"GR","41.0266992","35.5623197",NA
"114","EDCS-07000871","Pontus et Bithynia","Samsun / Amisos",1,300,"tituli sepulcrales",NA,NA,"C(aio) Numerio / Maiori dec(urioni) / veterano / Tossidene Pro/cla viro suo et / C(aius) Numerius Maior / filius patri h(onoris) c(ausa)","Caio Numerio Maiori decurioni veterano Tossidene Procla viro suo et Caius Numerius Maior filius patri honoris causa",NA,"41.2889924","36.3294459",NA
"115","EDCS-12500365","Pontus et Bithynia","Samsun / Amisos",NA,NA,"tituli sepulcrales",NA,NA,"C(aio) Iulio M(arci) f(ilio) / Ser(gia) Aeli/ano","Caio Iulio Marci filio Sergia Aeliano",NA,"41.2889924","36.3294459",NA
"116","EDCS-73900250","Pontus et Bithynia","Sinop / Kiren Tsukuru / Kumbet / Sinope",1,200,"tituli sepulcrales",NA,NA,"C(aius) Longidius C(ai) f(ilius) / Niger ann(orum) XXIII","Caius Longidius Cai filius Niger annorum XXIII",NA,"42.0266698","35.1506765",NA
"117","EDCS-24100185","Pontus et Bithynia","Sinop / Kiren Tsukuru / Kumbet / Sinope",NA,NA,"tituli sepulcrales",NA,NA,"C(aio) Numisio S[p(uri) f(ilio)] / Qui(rina) Primo na/uarcho sacerd(oti) / Imp(eratoris) Caesaris Aug(usti) / aed(ili) IIvir(o) iter(um) IIvir(o) / quinq(uennali) Numisia / Paulla filia eius","Caio Numisio Spuri filio Quirina Primo nauarcho sacerdoti Imperatoris Caesaris Augusti aedili II viro iterum II viro quinquennali Numisia Paulla filia eius",NA,"42.0266698","35.1506765",NA
"118","EDCS-16201153","Pontus et Bithynia","Sinop / Kiren Tsukuru / Kumbet / Sinope",1,200,"tituli operum","tituli sepulcrales",NA,"P(ublius) Ael(ius) Pompeius veter(anus) ex c[enturione natus apud] / Carnuntum Pannoniae superioris / Numeriae Procopeti con[iugi suae carissimae(?)] / piissimaeq(ue) pudicitiae castita[tisq(ue) eximiae] / quae vixit ann(os) L et mihi vivu[s feci(?) si quis post] / obitum nostrum aperuerit h[unc sarcophagum(?)] / dabit poenae nomine rei publ(icae) spl[endidiss(imae) col(oniae)] / Sinop(ensium) denar(iorum) quinque milia simu[lq(ue) reus erit] //","Publius Aelius Pompeius veteranus ex centurione natus apud Carnuntum Pannoniae superioris Numeriae Procopeti coniugi suae carissimae piissimae que pudicitiae castitatis que eximiae quae vixit annos L et mihi vivus feci si quis post obitum nostrum aperuerit hunc sarcophagum dabit poenae nomine rei publicae splendidissimae coloniae Sinopensium denariorum quin que milia simul que reus erit","GR","42.0266698","35.1506765","lapis"
"119","EDCS-24100163","Pontus et Bithynia","Sinop / Kiren Tsukuru / Kumbet / Sinope",1,200,"tituli sepulcrales",NA,NA,"M(arcus) Blossius / M(arci) f(ilius) Ter(etina) mil(es) / coh(ortis) Cypr(iae) / |(centuria) Bassi ex tes/tamento / situs","Marcus Blossius Marci filius Teretina miles cohortis Cypriae centuria Bassi ex testamento situs",NA,"42.0266698","35.1506765",NA
"120","EDCS-24100164","Pontus et Bithynia","Sinop / Kiren Tsukuru / Kumbet / Sinope",NA,NA,"tituli sepulcrales",NA,NA,"// [P]ublilia Urb[ana(?)] / Egn[ati","Publilia Urbana Egnati","GR","42.0266698","35.1506765",NA
"121","EDCS-24100165","Pontus et Bithynia","Sinop / Kiren Tsukuru / Kumbet / Sinope",-30,37,"tituli sepulcrales",NA,NA,"C(aius) Octavius C(ai) f(ilius) Vel(ina) / dom(o) Savatra mil(es) / coh(ortis) August(ae) et ei[us]/dem cohortis sesqu/plicarius hic situs / est","Caius Octavius Cai filius Velina domo Savatra miles cohortis Augustae et eiusdem cohortis sesquplicarius hic situs est",NA,"42.0266698","35.1506765",NA
"122","EDCS-24100166","Pontus et Bithynia","Sinop / Kiren Tsukuru / Kumbet / Sinope",NA,NA,"tituli sepulcrales",NA,NA,"]us / [6] / [6] / [hic] situs [est] // C(aius) Fanius n(epos?) / C(aius) Fanius p(ater?) / C(ai) l(ibertus)","us hic situs est Caius Fanius nepos Caius Fanius pater Cai libertus",NA,"42.0266698","35.1506765",NA
"123","EDCS-24100167","Pontus et Bithynia","Sinop / Kiren Tsukuru / Kumbet / Sinope",1,200,"tituli sepulcrales",NA,NA,"Cn(aeus) Servilius / Apollonides / Servilia Anthos / Cn(aeus) Servilius Caepio / Servilia Tertulla // siti","Cnaeus Servilius Apollonides Servilia Anthos Cnaeus Servilius Caepio Servilia Tertulla siti",NA,"42.0266698","35.1506765",NA
"124","EDCS-24100168","Pontus et Bithynia","Sinop / Kiren Tsukuru / Kumbet / Sinope",1,200,"tituli sepulcrales",NA,NA,"P(ublio) Cornelio / Rufo P(ubli) Corneli / Regin[i] f[i]l[i]o","Publio Cornelio Rufo Publi Corneli Regini filio",NA,"42.0266698","35.1506765",NA
"125","EDCS-24100169","Pontus et Bithynia","Sinop / Kiren Tsukuru / Kumbet / Sinope",NA,NA,"tituli sepulcrales",NA,NA,"L(ucius) Licin/ius Fr/[u]gi / h(ic) s(itus) (est)","Lucius Licinius Frugi hic situs est",NA,"42.0266698","35.1506765",NA
"126","EDCS-04900990","Pontus et Bithynia","Sinop / Kiren Tsukuru / Kumbet / Sinope",NA,NA,"tituli sepulcrales",NA,NA,"M(arcus) Calpius / Polybianus / alumnus Ofilli Praeto/rini v(ixit) a(nnos) IIII","Marcus Calpius Polybianus alumnus Ofilli Praetorini vixit annos IIII",NA,"42.0266698","35.1506765",NA
"127","EDCS-04900991","Pontus et Bithynia","Sinop / Kiren Tsukuru / Kumbet / Sinope",NA,NA,"tituli sepulcrales",NA,NA,"L(ucius) Erennius / Pompeianus / ann(orum) XXVI","Lucius Erennius Pompeianus annorum XXVI",NA,"42.0266698","35.1506765",NA
"128","EDCS-24100170","Pontus et Bithynia","Sinop / Kiren Tsukuru / Kumbet / Sinope",NA,NA,"tituli operum","tituli sepulcrales",NA,"[D(is)] M(anibus) / [3]ia insignis ori[3] / [3]atur ingenuu[s 3] / [3]e teget tumulus [3] / [3]uque iacet de[3] / [3]tem incen[","Dis Manibus ia insignis ori atur ingenuus e teget tumulus u que iacet de tem incen",NA,"42.0266698","35.1506765",NA
"129","EDCS-24100174","Pontus et Bithynia","Sinop / Kiren Tsukuru / Kumbet / Sinope",1,200,"tituli sepulcrales",NA,NA,"]ena / [3] Q(uintus) Callius Fadus / [3] (itus?) Callius Fadus Selicianu[s] / [3] Q(uintus) Callius Fadus mil(es?) / ICOILA L(ucius) Callius [","ena Quintus Callius Fadus itus Callius Fadus Selicianus Quintus Callius Fadus miles ICOILA Lucius Callius",NA,"42.0266698","35.1506765",NA
"130","EDCS-65000201","Pontus et Bithynia","Sulusaray / Herakleopolis / Sebastopolis",NA,NA,"tituli sepulcrales",NA,NA,"C(aio) Pacilio / C(ai) liberto / Onesimo / Hymnus / conliber/tus eius","Caio Pacilio Cai liberto Onesimo Hymnus conlibertus eius",NA,"39.9964268","36.0827505",NA
"131","EDCS-30000339","Pontus et Bithynia","Sulusaray / Herakleopolis / Sebastopolis",NA,NA,"tituli sepulcrales",NA,NA,"]esius Rufus / proc(urator) Augustor(um) / memoriae / causa","esius Rufus procurator Augustorum memoriae causa",NA,"39.9964268","36.0827505",NA
"132","EDCS-30000340","Pontus et Bithynia","Sulusaray / Herakleopolis / Sebastopolis",NA,NA,"tituli sepulcrales",NA,NA,"{H}Ave Irene / dis Manibu[s] / Venuleia Ire[ne] / domo Roma vix(it) / ann(os) X[XX?] / Valens Aug(usti) lib(ertus) su{e}i[s et(?)] / coniugi karissi[mae] //","Ave Irene dis Manibus Venuleia Irene domo Roma vixit annos XXX Valens Augusti libertus suis et coniugi karissimae","GR","39.9964268","36.0827505",NA
"133","EDCS-56000275","Pontus et Bithynia","Susuz / Akmoneia",NA,NA,"tituli sepulcrales",NA,NA,"V(ivi) // L(ucius) Aelius L(uci) f(ilius) Fab(ia) Ve/nustus Tyrrani/ae Veneriae uxo/ri suae et sibi [[et]] / [[M(arci) Iuni]] et M(arcus) Iuni/us M(arci) f(ilius) Sab(atina) Lupus / Aeliae L(uci) f(iliae) Mar/cellae uxori / suae et sibi","Vivi Lucius Aelius Luci filius Fabia Venustus Tyrraniae Veneriae uxori suae et sibi et Marci Iuni et Marcus Iunius Marci filius Sabatina Lupus Aeliae Luci filiae Marcellae uxori suae et sibi",NA,"38.6662457","29.721577",NA
"134","EDCS-27800566","Pontus et Bithynia","Trabzon / Trapezus",NA,NA,"tituli sepulcrales",NA,NA,"] / leg(ionis) XV Apol(linaris)/ |(centurio) domo Alexan/dr(ia) / medicus","legionis XV Apollinaris centurio domo Alexandria medicus",NA,"41.0058605","39.7180928",NA
"135","EDCS-09400672","Pontus et Bithynia","Trabzon / Trapezus",NA,NA,"tituli sepulcrales",NA,NA,"D(is) M(anibus) / T(ito) Aurelio Apolinario / militi / leg(ionis) XV Apol(linaris) / domo Caesar(ea) / stip(endiorum) VI vexill(arius) leg(ionis) eiusdem / b(ene) m(erenti)","Dis Manibus Tito Aurelio Apolinario militi legionis XV Apollinaris domo Caesarea stipendiorum VI vexillarius legionis eiusdem bene merenti",NA,"41.0058605","39.7180928",NA
"136","EDCS-16700293","Pontus et Bithynia","Zilleh",NA,NA,"tituli sepulcrales",NA,NA,"D(is) M(anibus) / Egid(a)e lib(ertae) Ulp(ius) Carius / |(centurio) l[egionis X]XX bene merenti f(aciendum) c(uravit)","Dis Manibus Egidae libertae Ulpius Carius centurio legionis XXX bene merenti faciendum curavit",NA,NA,NA,NA
